irid,cocci,m2,m1,invasive,f11
1.20834584177772,1.125262596058,1.28068054727472,1.42785588953014,1.37040105681156,1.3815776031235
1.17594273542817,1.10301190647778,1.26473583404831,1.38937980780525,1.28606581959141,1.28337253239097
1.24310541423487,1.14553170883117,1.29490369453275,1.46677939303502,1.46212440377376,1.49408588923418
42,31,361,24,47,334
12,15,1,12.975,4,3
65,47,365,33,362,363
202,204,188.5,183,201,195
189,177,182,175,185,175
215,236,194,191,217,215
